case_notification_date,district,cumulative_cases,daily_new_cases,cases_in_last_7_days
17/04/2020,Bagerhat,1,1,1.0
18/04/2020,Bagerhat,1,0,1.0
19/04/2020,Bagerhat,1,0,1.0
20/04/2020,Bagerhat,1,0,1.0
21/04/2020,Bagerhat,1,0,1.0
22/04/2020,Bagerhat,1,0,1.0
23/04/2020,Bagerhat,1,0,1.0
24/04/2020,Bagerhat,1,0,0.0
25/04/2020,Bagerhat,1,0,0.0
26/04/2020,Bagerhat,1,0,0.0
27/04/2020,Bagerhat,1,0,0.0
28/04/2020,Bagerhat,1,0,0.0
29/04/2020,Bagerhat,1,0,0.0
30/04/2020,Bagerhat,2,1,1.0
01/05/2020,Bagerhat,2,0,1.0
02/05/2020,Bagerhat,2,0,1.0
03/05/2020,Bagerhat,2,0,1.0
04/05/2020,Bagerhat,2,0,1.0
05/05/2020,Bagerhat,2,0,1.0
06/05/2020,Bagerhat,2,0,1.0
07/05/2020,Bagerhat,2,0,0.0
08/05/2020,Bagerhat,2,0,0.0
09/05/2020,Bagerhat,3,1,1.0
10/05/2020,Bagerhat,3,0,1.0
17/04/2020,Bandarban,1,1,1.0
18/04/2020,Bandarban,1,0,1.0
19/04/2020,Bandarban,1,0,1.0
20/04/2020,Bandarban,1,0,1.0
21/04/2020,Bandarban,1,0,1.0
22/04/2020,Bandarban,4,3,4.0
23/04/2020,Bandarban,4,0,4.0
24/04/2020,Bandarban,4,0,3.0
25/04/2020,Bandarban,4,0,3.0
26/04/2020,Bandarban,4,0,3.0
27/04/2020,Bandarban,4,0,3.0
28/04/2020,Bandarban,4,0,3.0
29/04/2020,Bandarban,4,0,0.0
30/04/2020,Bandarban,4,0,0.0
01/05/2020,Bandarban,7,3,3.0
02/05/2020,Bandarban,7,0,3.0
03/05/2020,Bandarban,7,0,3.0
04/05/2020,Bandarban,7,0,3.0
05/05/2020,Bandarban,4,3,6.0
06/05/2020,Bandarban,4,0,6.0
07/05/2020,Bandarban,4,0,6.0
08/05/2020,Bandarban,4,0,3.0
09/05/2020,Bandarban,4,0,3.0
10/05/2020,Bandarban,4,0,3.0
10/04/2020,Barguna,1,1,1.0
12/04/2020,Barguna,3,2,3.0
13/04/2020,Barguna,3,0,3.0
14/04/2020,Barguna,3,0,3.0
15/04/2020,Barguna,4,1,4.0
16/04/2020,Barguna,4,0,4.0
17/04/2020,Barguna,4,0,3.0
18/04/2020,Barguna,9,5,8.0
19/04/2020,Barguna,10,1,7.0
20/04/2020,Barguna,12,2,9.0
21/04/2020,Barguna,17,5,14.0
22/04/2020,Barguna,17,0,13.0
23/04/2020,Barguna,20,3,16.0
24/04/2020,Barguna,23,3,19.0
25/04/2020,Barguna,23,0,14.0
26/04/2020,Barguna,30,7,20.0
27/04/2020,Barguna,30,0,18.0
28/04/2020,Barguna,30,0,13.0
29/04/2020,Barguna,30,0,13.0
30/04/2020,Barguna,30,0,10.0
01/05/2020,Barguna,33,3,10.0
02/05/2020,Barguna,33,0,10.0
03/05/2020,Barguna,36,3,6.0
04/05/2020,Barguna,36,0,6.0
05/05/2020,Barguna,33,3,9.0
06/05/2020,Barguna,33,0,9.0
07/05/2020,Barguna,34,1,10.0
08/05/2020,Barguna,34,0,7.0
09/05/2020,Barguna,35,1,8.0
10/05/2020,Barguna,37,2,7.0
13/04/2020,Barisal,2,2,2.0
14/04/2020,Barisal,7,5,7.0
15/04/2020,Barisal,10,3,10.0
16/04/2020,Barisal,12,2,12.0
17/04/2020,Barisal,12,0,12.0
18/04/2020,Barisal,18,6,18.0
19/04/2020,Barisal,21,3,21.0
20/04/2020,Barisal,24,3,22.0
21/04/2020,Barisal,32,8,25.0
22/04/2020,Barisal,34,2,24.0
23/04/2020,Barisal,34,0,22.0
24/04/2020,Barisal,35,1,23.0
25/04/2020,Barisal,38,3,20.0
26/04/2020,Barisal,38,0,17.0
27/04/2020,Barisal,38,0,14.0
28/04/2020,Barisal,40,2,8.0
29/04/2020,Barisal,40,0,6.0
30/04/2020,Barisal,40,0,6.0
01/05/2020,Barisal,40,0,5.0
02/05/2020,Barisal,40,0,2.0
03/05/2020,Barisal,41,1,3.0
04/05/2020,Barisal,41,0,3.0
05/05/2020,Barisal,41,0,1.0
06/05/2020,Barisal,44,3,4.0
07/05/2020,Barisal,47,3,7.0
08/05/2020,Barisal,48,1,8.0
09/05/2020,Barisal,48,0,8.0
10/05/2020,Barisal,54,6,13.0
24/04/2020,Bhola,2,2,2.0
25/04/2020,Bhola,2,0,2.0
26/04/2020,Bhola,2,0,2.0
27/04/2020,Bhola,2,0,2.0
28/04/2020,Bhola,4,2,4.0
29/04/2020,Bhola,5,1,5.0
30/04/2020,Bhola,5,0,5.0
01/05/2020,Bhola,5,0,3.0
02/05/2020,Bhola,5,0,3.0
03/05/2020,Bhola,5,0,3.0
04/05/2020,Bhola,5,0,3.0
05/05/2020,Bhola,5,0,1.0
06/05/2020,Bhola,6,1,1.0
07/05/2020,Bhola,7,1,2.0
08/05/2020,Bhola,7,0,2.0
09/05/2020,Bhola,7,0,2.0
10/05/2020,Bhola,7,0,2.0
18/04/2020,Bogra,1,1,1.0
19/04/2020,Bogra,1,0,1.0
20/04/2020,Bogra,1,0,1.0
21/04/2020,Bogra,2,1,2.0
22/04/2020,Bogra,5,3,5.0
23/04/2020,Bogra,10,5,10.0
24/04/2020,Bogra,10,0,10.0
25/04/2020,Bogra,11,1,10.0
26/04/2020,Bogra,12,1,11.0
27/04/2020,Bogra,17,5,16.0
28/04/2020,Bogra,17,0,15.0
29/04/2020,Bogra,18,1,13.0
30/04/2020,Bogra,19,1,9.0
01/05/2020,Bogra,19,0,9.0
02/05/2020,Bogra,19,0,8.0
03/05/2020,Bogra,19,0,7.0
04/05/2020,Bogra,19,0,2.0
05/05/2020,Bogra,18,1,3.0
06/05/2020,Bogra,18,0,2.0
07/05/2020,Bogra,18,0,1.0
08/05/2020,Bogra,18,0,1.0
09/05/2020,Bogra,18,0,1.0
10/05/2020,Bogra,18,0,1.0
10/04/2020,Brahmanbaria,1,1,1.0
11/04/2020,Brahmanbaria,4,3,4.0
12/04/2020,Brahmanbaria,6,2,6.0
13/04/2020,Brahmanbaria,6,0,6.0
14/04/2020,Brahmanbaria,8,2,8.0
15/04/2020,Brahmanbaria,8,0,8.0
16/04/2020,Brahmanbaria,8,0,8.0
17/04/2020,Brahmanbaria,9,1,8.0
18/04/2020,Brahmanbaria,10,1,6.0
19/04/2020,Brahmanbaria,11,1,5.0
20/04/2020,Brahmanbaria,11,0,5.0
21/04/2020,Brahmanbaria,11,0,3.0
22/04/2020,Brahmanbaria,24,13,16.0
23/04/2020,Brahmanbaria,25,1,17.0
24/04/2020,Brahmanbaria,25,0,16.0
25/04/2020,Brahmanbaria,29,4,19.0
26/04/2020,Brahmanbaria,31,2,20.0
27/04/2020,Brahmanbaria,35,4,24.0
28/04/2020,Brahmanbaria,35,0,24.0
29/04/2020,Brahmanbaria,37,2,13.0
30/04/2020,Brahmanbaria,40,3,15.0
01/05/2020,Brahmanbaria,43,3,18.0
02/05/2020,Brahmanbaria,43,0,14.0
03/05/2020,Brahmanbaria,44,1,13.0
04/05/2020,Brahmanbaria,55,11,20.0
05/05/2020,Brahmanbaria,56,1,21.0
06/05/2020,Brahmanbaria,56,0,19.0
07/05/2020,Brahmanbaria,56,0,16.0
08/05/2020,Brahmanbaria,57,1,14.0
09/05/2020,Brahmanbaria,57,0,14.0
10/05/2020,Brahmanbaria,57,0,13.0
10/04/2020,Chandpur,2,2,2.0
11/04/2020,Chandpur,3,1,3.0
12/04/2020,Chandpur,5,2,5.0
13/04/2020,Chandpur,6,1,6.0
14/04/2020,Chandpur,6,0,6.0
15/04/2020,Chandpur,6,0,6.0
16/04/2020,Chandpur,7,1,7.0
17/04/2020,Chandpur,8,1,6.0
18/04/2020,Chandpur,8,0,5.0
19/04/2020,Chandpur,8,0,3.0
20/04/2020,Chandpur,10,2,4.0
21/04/2020,Chandpur,10,0,4.0
22/04/2020,Chandpur,10,0,4.0
23/04/2020,Chandpur,10,0,3.0
24/04/2020,Chandpur,10,0,2.0
25/04/2020,Chandpur,10,0,2.0
26/04/2020,Chandpur,11,1,3.0
27/04/2020,Chandpur,11,0,1.0
28/04/2020,Chandpur,11,0,1.0
29/04/2020,Chandpur,13,2,3.0
30/04/2020,Chandpur,14,1,4.0
01/05/2020,Chandpur,15,1,5.0
02/05/2020,Chandpur,15,0,5.0
03/05/2020,Chandpur,15,0,4.0
04/05/2020,Chandpur,15,0,4.0
05/05/2020,Chandpur,27,12,16.0
06/05/2020,Chandpur,37,10,24.0
07/05/2020,Chandpur,42,5,28.0
08/05/2020,Chandpur,43,1,28.0
09/05/2020,Chandpur,55,12,40.0
10/05/2020,Chandpur,55,0,40.0
21/04/2020,Chapai Nawabganj,1,1,1.0
22/04/2020,Chapai Nawabganj,1,0,1.0
23/04/2020,Chapai Nawabganj,1,0,1.0
24/04/2020,Chapai Nawabganj,1,0,1.0
25/04/2020,Chapai Nawabganj,1,0,1.0
26/04/2020,Chapai Nawabganj,2,1,2.0
27/04/2020,Chapai Nawabganj,2,0,2.0
28/04/2020,Chapai Nawabganj,2,0,1.0
29/04/2020,Chapai Nawabganj,2,0,1.0
30/04/2020,Chapai Nawabganj,2,0,1.0
01/05/2020,Chapai Nawabganj,2,0,1.0
02/05/2020,Chapai Nawabganj,2,0,1.0
03/05/2020,Chapai Nawabganj,2,0,0.0
04/05/2020,Chapai Nawabganj,2,0,0.0
05/05/2020,Chapai Nawabganj,2,0,0.0
06/05/2020,Chapai Nawabganj,2,0,0.0
07/05/2020,Chapai Nawabganj,11,9,9.0
08/05/2020,Chapai Nawabganj,12,1,10.0
09/05/2020,Chapai Nawabganj,14,2,12.0
10/05/2020,Chapai Nawabganj,14,0,12.0
04/04/2020,Chittagong,1,1,1.0
06/04/2020,Chittagong,2,1,2.0
07/04/2020,Chittagong,3,1,3.0
10/04/2020,Chittagong,8,5,8.0
12/04/2020,Chittagong,10,2,9.0
13/04/2020,Chittagong,18,8,16.0
14/04/2020,Chittagong,20,2,17.0
15/04/2020,Chittagong,31,11,28.0
16/04/2020,Chittagong,36,5,33.0
17/04/2020,Chittagong,37,1,29.0
18/04/2020,Chittagong,38,1,30.0
19/04/2020,Chittagong,39,1,29.0
20/04/2020,Chittagong,43,4,25.0
21/04/2020,Chittagong,41,2,25.0
22/04/2020,Chittagong,42,1,15.0
23/04/2020,Chittagong,45,3,13.0
24/04/2020,Chittagong,45,0,12.0
25/04/2020,Chittagong,46,1,12.0
26/04/2020,Chittagong,48,2,13.0
27/04/2020,Chittagong,56,8,17.0
28/04/2020,Chittagong,67,11,26.0
29/04/2020,Chittagong,70,3,28.0
30/04/2020,Chittagong,74,4,29.0
01/05/2020,Chittagong,75,1,30.0
02/05/2020,Chittagong,78,3,32.0
03/05/2020,Chittagong,80,2,32.0
04/05/2020,Chittagong,82,2,26.0
05/05/2020,Chittagong,105,23,38.0
06/05/2020,Chittagong,112,7,42.0
07/05/2020,Chittagong,140,28,66.0
08/05/2020,Chittagong,159,19,84.0
09/05/2020,Chittagong,207,48,129.0
10/05/2020,Chittagong,220,13,140.0
18/03/2020,Chuadanga,1,1,1.0
13/04/2020,Chuadanga,1,0,0.0
14/04/2020,Chuadanga,1,0,0.0
15/04/2020,Chuadanga,1,0,0.0
16/04/2020,Chuadanga,1,0,0.0
17/04/2020,Chuadanga,1,0,0.0
18/04/2020,Chuadanga,1,0,0.0
19/04/2020,Chuadanga,1,0,0.0
20/04/2020,Chuadanga,1,0,0.0
21/04/2020,Chuadanga,2,1,1.0
22/04/2020,Chuadanga,2,0,1.0
23/04/2020,Chuadanga,8,6,7.0
24/04/2020,Chuadanga,8,0,7.0
25/04/2020,Chuadanga,8,0,7.0
26/04/2020,Chuadanga,8,0,7.0
27/04/2020,Chuadanga,8,0,7.0
28/04/2020,Chuadanga,8,0,6.0
29/04/2020,Chuadanga,8,0,6.0
30/04/2020,Chuadanga,9,1,1.0
01/05/2020,Chuadanga,9,0,1.0
02/05/2020,Chuadanga,9,0,1.0
03/05/2020,Chuadanga,9,0,1.0
04/05/2020,Chuadanga,9,0,1.0
05/05/2020,Chuadanga,10,1,2.0
06/05/2020,Chuadanga,15,5,7.0
07/05/2020,Chuadanga,15,0,6.0
08/05/2020,Chuadanga,23,8,14.0
09/05/2020,Chuadanga,23,0,14.0
10/05/2020,Chuadanga,23,0,14.0
23/03/2020,Comilla,1,1,1.0
07/04/2020,Comilla,2,1,1.0
10/04/2020,Comilla,7,5,6.0
11/04/2020,Comilla,8,1,7.0
12/04/2020,Comilla,9,1,8.0
13/04/2020,Comilla,9,0,8.0
14/04/2020,Comilla,14,5,12.0
15/04/2020,Comilla,14,0,12.0
16/04/2020,Comilla,14,0,12.0
17/04/2020,Comilla,15,1,8.0
18/04/2020,Comilla,17,2,9.0
19/04/2020,Comilla,19,2,10.0
20/04/2020,Comilla,21,2,12.0
21/04/2020,Comilla,25,4,11.0
22/04/2020,Comilla,27,2,13.0
23/04/2020,Comilla,27,0,13.0
24/04/2020,Comilla,32,5,17.0
25/04/2020,Comilla,39,7,22.0
26/04/2020,Comilla,41,2,22.0
27/04/2020,Comilla,42,1,21.0
28/04/2020,Comilla,47,5,22.0
29/04/2020,Comilla,81,34,54.0
30/04/2020,Comilla,93,12,66.0
01/05/2020,Comilla,99,6,67.0
02/05/2020,Comilla,104,5,65.0
03/05/2020,Comilla,105,1,64.0
04/05/2020,Comilla,105,0,63.0
05/05/2020,Comilla,112,7,65.0
06/05/2020,Comilla,130,18,49.0
07/05/2020,Comilla,135,5,42.0
08/05/2020,Comilla,150,15,51.0
09/05/2020,Comilla,169,19,65.0
10/05/2020,Comilla,171,2,66.0
24/03/2020,Cox's Bazar,1,1,1.0
13/04/2020,Cox's Bazar,1,0,0.0
14/04/2020,Cox's Bazar,1,0,0.0
15/04/2020,Cox's Bazar,1,0,0.0
16/04/2020,Cox's Bazar,1,0,0.0
17/04/2020,Cox's Bazar,1,0,0.0
18/04/2020,Cox's Bazar,1,0,0.0
19/04/2020,Cox's Bazar,1,0,0.0
20/04/2020,Cox's Bazar,1,0,0.0
21/04/2020,Cox's Bazar,5,4,4.0
22/04/2020,Cox's Bazar,5,0,4.0
23/04/2020,Cox's Bazar,5,0,4.0
24/04/2020,Cox's Bazar,6,1,5.0
25/04/2020,Cox's Bazar,6,0,5.0
26/04/2020,Cox's Bazar,13,7,12.0
27/04/2020,Cox's Bazar,13,0,12.0
28/04/2020,Cox's Bazar,19,6,14.0
29/04/2020,Cox's Bazar,20,1,15.0
30/04/2020,Cox's Bazar,23,3,18.0
01/05/2020,Cox's Bazar,37,14,31.0
02/05/2020,Cox's Bazar,37,0,31.0
03/05/2020,Cox's Bazar,37,0,24.0
04/05/2020,Cox's Bazar,37,0,24.0
05/05/2020,Cox's Bazar,39,2,20.0
06/05/2020,Cox's Bazar,40,1,20.0
07/05/2020,Cox's Bazar,53,13,30.0
08/05/2020,Cox's Bazar,72,19,35.0
09/05/2020,Cox's Bazar,77,5,40.0
10/05/2020,Cox's Bazar,83,6,46.0
15/03/2020,Dhaka,1,1,1.0
17/03/2020,Dhaka,2,1,2.0
18/03/2020,Dhaka,3,1,3.0
20/03/2020,Dhaka,6,3,6.0
21/03/2020,Dhaka,10,4,10.0
22/03/2020,Dhaka,11,1,10.0
23/03/2020,Dhaka,15,4,14.0
24/03/2020,Dhaka,20,5,18.0
26/03/2020,Dhaka,25,5,22.0
27/03/2020,Dhaka,27,2,21.0
31/03/2020,Dhaka,29,2,9.0
01/04/2020,Dhaka,31,2,11.0
02/04/2020,Dhaka,33,2,8.0
03/04/2020,Dhaka,36,3,9.0
04/04/2020,Dhaka,42,6,15.0
05/04/2020,Dhaka,54,12,27.0
06/04/2020,Dhaka,68,14,41.0
07/04/2020,Dhaka,89,21,60.0
08/04/2020,Dhaka,128,39,97.0
09/04/2020,Dhaka,200,72,167.0
10/04/2020,Dhaka,238,38,202.0
11/04/2020,Dhaka,262,24,220.0
12/04/2020,Dhaka,320,58,266.0
13/04/2020,Dhaka,407,87,339.0
14/04/2020,Dhaka,484,77,395.0
15/04/2020,Dhaka,546,62,418.0
16/04/2020,Dhaka,636,90,436.0
17/04/2020,Dhaka,768,132,530.0
18/04/2020,Dhaka,877,109,615.0
19/04/2020,Dhaka,1014,137,694.0
20/04/2020,Dhaka,1216,202,809.0
21/04/2020,Dhaka,1277,61,793.0
22/04/2020,Dhaka,1522,245,976.0
23/04/2020,Dhaka,1736,214,1100.0
24/04/2020,Dhaka,2124,388,1356.0
25/04/2020,Dhaka,2299,175,1422.0
26/04/2020,Dhaka,2564,265,1550.0
27/04/2020,Dhaka,2802,238,1586.0
28/04/2020,Dhaka,3095,293,1818.0
29/04/2020,Dhaka,3518,423,1996.0
30/04/2020,Dhaka,3850,332,2114.0
01/05/2020,Dhaka,4082,232,1958.0
02/05/2020,Dhaka,4418,336,2119.0
03/05/2020,Dhaka,4609,191,2045.0
04/05/2020,Dhaka,4895,286,2093.0
05/05/2020,Dhaka,5357,462,2262.0
06/05/2020,Dhaka,5842,485,2324.0
07/05/2020,Dhaka,6081,239,2231.0
08/05/2020,Dhaka,6365,284,2283.0
09/05/2020,Dhaka,6629,264,2211.0
10/05/2020,Dhaka,6868,239,2259.0
15/04/2020,Dinajpur,7,7,7.0
16/04/2020,Dinajpur,8,1,8.0
17/04/2020,Dinajpur,8,0,8.0
18/04/2020,Dinajpur,9,1,9.0
19/04/2020,Dinajpur,10,1,10.0
20/04/2020,Dinajpur,11,1,11.0
21/04/2020,Dinajpur,11,0,11.0
22/04/2020,Dinajpur,11,0,4.0
23/04/2020,Dinajpur,13,2,5.0
24/04/2020,Dinajpur,13,0,5.0
25/04/2020,Dinajpur,13,0,4.0
26/04/2020,Dinajpur,14,1,4.0
27/04/2020,Dinajpur,14,0,3.0
28/04/2020,Dinajpur,16,2,5.0
29/04/2020,Dinajpur,18,2,7.0
30/04/2020,Dinajpur,20,2,7.0
01/05/2020,Dinajpur,21,1,8.0
02/05/2020,Dinajpur,21,0,8.0
03/05/2020,Dinajpur,21,0,7.0
04/05/2020,Dinajpur,20,1,8.0
05/05/2020,Dinajpur,21,1,7.0
06/05/2020,Dinajpur,29,8,13.0
07/05/2020,Dinajpur,31,2,13.0
08/05/2020,Dinajpur,36,5,17.0
09/05/2020,Dinajpur,38,2,19.0
10/05/2020,Dinajpur,42,4,23.0
14/04/2020,Faridpur,2,2,2.0
15/04/2020,Faridpur,2,0,2.0
16/04/2020,Faridpur,2,0,2.0
17/04/2020,Faridpur,2,0,2.0
18/04/2020,Faridpur,4,2,4.0
19/04/2020,Faridpur,4,0,4.0
20/04/2020,Faridpur,6,2,6.0
21/04/2020,Faridpur,5,1,5.0
22/04/2020,Faridpur,6,1,6.0
23/04/2020,Faridpur,7,1,7.0
24/04/2020,Faridpur,8,1,8.0
25/04/2020,Faridpur,9,1,7.0
26/04/2020,Faridpur,9,0,7.0
27/04/2020,Faridpur,9,0,5.0
28/04/2020,Faridpur,9,0,4.0
29/04/2020,Faridpur,12,3,6.0
30/04/2020,Faridpur,12,0,5.0
01/05/2020,Faridpur,13,1,5.0
02/05/2020,Faridpur,13,0,4.0
03/05/2020,Faridpur,13,0,4.0
04/05/2020,Faridpur,14,1,5.0
05/05/2020,Faridpur,15,1,6.0
06/05/2020,Faridpur,21,6,9.0
07/05/2020,Faridpur,21,0,9.0
08/05/2020,Faridpur,21,0,8.0
09/05/2020,Faridpur,21,0,8.0
10/05/2020,Faridpur,24,3,11.0
17/04/2020,Feni,1,1,1.0
18/04/2020,Feni,1,0,1.0
19/04/2020,Feni,2,1,2.0
20/04/2020,Feni,2,0,2.0
21/04/2020,Feni,3,1,3.0
22/04/2020,Feni,3,0,3.0
23/04/2020,Feni,3,0,3.0
24/04/2020,Feni,3,0,2.0
25/04/2020,Feni,3,0,2.0
26/04/2020,Feni,4,1,2.0
27/04/2020,Feni,4,0,2.0
28/04/2020,Feni,4,0,1.0
29/04/2020,Feni,4,0,1.0
30/04/2020,Feni,6,2,3.0
01/05/2020,Feni,6,0,3.0
02/05/2020,Feni,6,0,3.0
03/05/2020,Feni,6,0,2.0
04/05/2020,Feni,6,0,2.0
05/05/2020,Feni,6,0,2.0
06/05/2020,Feni,7,1,3.0
07/05/2020,Feni,7,0,1.0
08/05/2020,Feni,8,1,2.0
09/05/2020,Feni,8,0,2.0
10/05/2020,Feni,8,0,2.0
22/03/2020,Gaibandha,2,2,2.0
27/03/2020,Gaibandha,4,2,4.0
04/04/2020,Gaibandha,5,1,1.0
12/04/2020,Gaibandha,6,1,1.0
13/04/2020,Gaibandha,6,0,1.0
14/04/2020,Gaibandha,8,2,3.0
15/04/2020,Gaibandha,12,4,7.0
16/04/2020,Gaibandha,13,1,8.0
17/04/2020,Gaibandha,12,1,9.0
18/04/2020,Gaibandha,12,0,9.0
19/04/2020,Gaibandha,12,0,8.0
20/04/2020,Gaibandha,13,1,9.0
21/04/2020,Gaibandha,13,0,7.0
22/04/2020,Gaibandha,13,0,3.0
23/04/2020,Gaibandha,14,1,3.0
24/04/2020,Gaibandha,14,0,2.0
25/04/2020,Gaibandha,16,2,4.0
26/04/2020,Gaibandha,16,0,4.0
27/04/2020,Gaibandha,17,1,4.0
28/04/2020,Gaibandha,19,2,6.0
29/04/2020,Gaibandha,20,1,7.0
30/04/2020,Gaibandha,21,1,7.0
01/05/2020,Gaibandha,21,0,7.0
02/05/2020,Gaibandha,24,3,8.0
03/05/2020,Gaibandha,25,1,9.0
04/05/2020,Gaibandha,23,2,10.0
05/05/2020,Gaibandha,24,1,9.0
06/05/2020,Gaibandha,24,0,8.0
07/05/2020,Gaibandha,24,0,7.0
08/05/2020,Gaibandha,24,0,7.0
09/05/2020,Gaibandha,24,0,4.0
10/05/2020,Gaibandha,25,1,4.0
29/03/2020,Gazipur,1,1,1.0
09/04/2020,Gazipur,2,1,1.0
10/04/2020,Gazipur,8,6,7.0
11/04/2020,Gazipur,12,4,11.0
12/04/2020,Gazipur,23,11,22.0
13/04/2020,Gazipur,35,12,34.0
14/04/2020,Gazipur,53,18,52.0
15/04/2020,Gazipur,53,0,52.0
16/04/2020,Gazipur,82,29,80.0
17/04/2020,Gazipur,117,35,109.0
18/04/2020,Gazipur,161,44,149.0
19/04/2020,Gazipur,173,12,150.0
20/04/2020,Gazipur,269,96,234.0
21/04/2020,Gazipur,269,0,216.0
22/04/2020,Gazipur,269,0,216.0
23/04/2020,Gazipur,292,23,210.0
24/04/2020,Gazipur,294,2,177.0
25/04/2020,Gazipur,261,33,166.0
26/04/2020,Gazipur,308,47,201.0
27/04/2020,Gazipur,315,7,112.0
28/04/2020,Gazipur,318,3,115.0
29/04/2020,Gazipur,320,2,117.0
30/04/2020,Gazipur,322,2,96.0
01/05/2020,Gazipur,322,0,94.0
02/05/2020,Gazipur,322,0,61.0
03/05/2020,Gazipur,324,2,16.0
04/05/2020,Gazipur,325,1,10.0
05/05/2020,Gazipur,259,66,73.0
06/05/2020,Gazipur,328,69,140.0
07/05/2020,Gazipur,328,0,138.0
08/05/2020,Gazipur,330,2,140.0
09/05/2020,Gazipur,332,2,142.0
10/05/2020,Gazipur,333,1,141.0
10/04/2020,Gopalganj,1,1,1.0
11/04/2020,Gopalganj,2,1,2.0
12/04/2020,Gopalganj,3,1,3.0
13/04/2020,Gopalganj,3,0,3.0
14/04/2020,Gopalganj,9,6,9.0
15/04/2020,Gopalganj,9,0,9.0
16/04/2020,Gopalganj,17,8,17.0
17/04/2020,Gopalganj,17,0,16.0
18/04/2020,Gopalganj,21,4,19.0
19/04/2020,Gopalganj,21,0,18.0
20/04/2020,Gopalganj,30,9,27.0
21/04/2020,Gopalganj,30,0,21.0
22/04/2020,Gopalganj,35,5,26.0
23/04/2020,Gopalganj,40,5,23.0
24/04/2020,Gopalganj,43,3,26.0
25/04/2020,Gopalganj,46,3,25.0
26/04/2020,Gopalganj,49,3,28.0
27/04/2020,Gopalganj,50,1,20.0
28/04/2020,Gopalganj,50,0,20.0
29/04/2020,Gopalganj,52,2,17.0
30/04/2020,Gopalganj,45,7,19.0
01/05/2020,Gopalganj,45,0,16.0
02/05/2020,Gopalganj,45,0,13.0
03/05/2020,Gopalganj,45,0,10.0
04/05/2020,Gopalganj,47,2,11.0
05/05/2020,Gopalganj,44,3,14.0
06/05/2020,Gopalganj,45,1,13.0
07/05/2020,Gopalganj,45,0,6.0
08/05/2020,Gopalganj,49,4,10.0
09/05/2020,Gopalganj,50,1,11.0
10/05/2020,Gopalganj,56,6,17.0
10/04/2020,Habiganj,1,1,1.0
13/04/2020,Habiganj,1,0,1.0
14/04/2020,Habiganj,2,1,2.0
15/04/2020,Habiganj,1,1,3.0
16/04/2020,Habiganj,1,0,3.0
17/04/2020,Habiganj,1,0,2.0
18/04/2020,Habiganj,1,0,2.0
19/04/2020,Habiganj,1,0,2.0
20/04/2020,Habiganj,1,0,2.0
21/04/2020,Habiganj,11,10,11.0
22/04/2020,Habiganj,13,2,12.0
23/04/2020,Habiganj,18,5,17.0
24/04/2020,Habiganj,21,3,20.0
25/04/2020,Habiganj,41,20,40.0
26/04/2020,Habiganj,47,6,46.0
27/04/2020,Habiganj,48,1,47.0
28/04/2020,Habiganj,48,0,37.0
29/04/2020,Habiganj,52,4,39.0
30/04/2020,Habiganj,53,1,35.0
01/05/2020,Habiganj,55,2,34.0
02/05/2020,Habiganj,67,12,26.0
03/05/2020,Habiganj,67,0,20.0
04/05/2020,Habiganj,69,2,21.0
05/05/2020,Habiganj,69,0,21.0
06/05/2020,Habiganj,70,1,18.0
07/05/2020,Habiganj,70,0,17.0
08/05/2020,Habiganj,70,0,15.0
09/05/2020,Habiganj,70,0,3.0
10/05/2020,Habiganj,73,3,6.0
09/04/2020,Jamalpur,1,1,1.0
10/04/2020,Jamalpur,2,1,2.0
11/04/2020,Jamalpur,3,1,3.0
12/04/2020,Jamalpur,6,3,6.0
13/04/2020,Jamalpur,6,0,6.0
14/04/2020,Jamalpur,9,3,9.0
15/04/2020,Jamalpur,12,3,12.0
16/04/2020,Jamalpur,12,0,11.0
17/04/2020,Jamalpur,12,0,10.0
18/04/2020,Jamalpur,17,5,14.0
19/04/2020,Jamalpur,20,3,14.0
20/04/2020,Jamalpur,21,1,15.0
21/04/2020,Jamalpur,22,1,13.0
22/04/2020,Jamalpur,29,7,17.0
23/04/2020,Jamalpur,30,1,18.0
24/04/2020,Jamalpur,30,0,18.0
25/04/2020,Jamalpur,37,7,20.0
26/04/2020,Jamalpur,45,8,25.0
27/04/2020,Jamalpur,45,0,24.0
28/04/2020,Jamalpur,52,7,30.0
29/04/2020,Jamalpur,58,6,29.0
30/04/2020,Jamalpur,61,3,31.0
01/05/2020,Jamalpur,66,5,36.0
02/05/2020,Jamalpur,66,0,29.0
03/05/2020,Jamalpur,73,7,28.0
04/05/2020,Jamalpur,73,0,28.0
05/05/2020,Jamalpur,74,1,22.0
06/05/2020,Jamalpur,79,5,21.0
07/05/2020,Jamalpur,79,0,18.0
08/05/2020,Jamalpur,102,23,36.0
09/05/2020,Jamalpur,104,2,38.0
10/05/2020,Jamalpur,110,6,37.0
17/04/2020,Jessore,1,1,1.0
18/04/2020,Jessore,1,0,1.0
19/04/2020,Jessore,1,0,1.0
20/04/2020,Jessore,1,0,1.0
21/04/2020,Jessore,1,0,1.0
22/04/2020,Jessore,5,4,5.0
23/04/2020,Jessore,7,2,7.0
24/04/2020,Jessore,7,0,6.0
25/04/2020,Jessore,7,0,6.0
26/04/2020,Jessore,22,15,21.0
27/04/2020,Jessore,26,4,25.0
28/04/2020,Jessore,36,10,35.0
29/04/2020,Jessore,62,26,57.0
30/04/2020,Jessore,63,1,56.0
01/05/2020,Jessore,63,0,56.0
02/05/2020,Jessore,63,0,56.0
03/05/2020,Jessore,63,0,41.0
04/05/2020,Jessore,63,0,37.0
05/05/2020,Jessore,74,11,38.0
06/05/2020,Jessore,75,1,13.0
07/05/2020,Jessore,75,0,12.0
08/05/2020,Jessore,79,4,16.0
09/05/2020,Jessore,79,0,16.0
10/05/2020,Jessore,79,0,16.0
12/04/2020,Jhalokati,3,3,3.0
13/04/2020,Jhalokati,3,0,3.0
14/04/2020,Jhalokati,3,0,3.0
15/04/2020,Jhalokati,3,0,3.0
16/04/2020,Jhalokati,3,0,3.0
17/04/2020,Jhalokati,3,0,3.0
18/04/2020,Jhalokati,3,0,3.0
19/04/2020,Jhalokati,4,1,1.0
20/04/2020,Jhalokati,4,0,1.0
21/04/2020,Jhalokati,4,0,1.0
22/04/2020,Jhalokati,5,1,2.0
23/04/2020,Jhalokati,5,0,2.0
24/04/2020,Jhalokati,5,0,2.0
25/04/2020,Jhalokati,5,0,2.0
26/04/2020,Jhalokati,5,0,1.0
27/04/2020,Jhalokati,5,0,1.0
28/04/2020,Jhalokati,6,1,2.0
29/04/2020,Jhalokati,6,0,1.0
30/04/2020,Jhalokati,8,2,3.0
01/05/2020,Jhalokati,8,0,3.0
02/05/2020,Jhalokati,8,0,3.0
03/05/2020,Jhalokati,10,2,5.0
04/05/2020,Jhalokati,10,0,5.0
05/05/2020,Jhalokati,10,0,4.0
06/05/2020,Jhalokati,10,0,4.0
07/05/2020,Jhalokati,13,3,5.0
08/05/2020,Jhalokati,13,0,5.0
09/05/2020,Jhalokati,13,0,5.0
10/05/2020,Jhalokati,13,0,3.0
26/04/2020,Jhenaidah,7,7,7.0
27/04/2020,Jhenaidah,11,4,11.0
28/04/2020,Jhenaidah,19,8,19.0
29/04/2020,Jhenaidah,19,0,19.0
30/04/2020,Jhenaidah,19,0,19.0
01/05/2020,Jhenaidah,19,0,19.0
02/05/2020,Jhenaidah,19,0,19.0
03/05/2020,Jhenaidah,19,0,12.0
04/05/2020,Jhenaidah,19,0,8.0
05/05/2020,Jhenaidah,27,8,8.0
06/05/2020,Jhenaidah,33,6,14.0
07/05/2020,Jhenaidah,33,0,14.0
08/05/2020,Jhenaidah,34,1,15.0
09/05/2020,Jhenaidah,38,4,19.0
10/05/2020,Jhenaidah,38,0,19.0
18/04/2020,Joypurhat,2,2,2.0
19/04/2020,Joypurhat,2,0,2.0
20/04/2020,Joypurhat,2,0,2.0
21/04/2020,Joypurhat,3,1,3.0
22/04/2020,Joypurhat,4,1,4.0
23/04/2020,Joypurhat,4,0,4.0
24/04/2020,Joypurhat,4,0,4.0
25/04/2020,Joypurhat,4,0,2.0
26/04/2020,Joypurhat,6,2,4.0
27/04/2020,Joypurhat,10,4,8.0
28/04/2020,Joypurhat,21,11,18.0
29/04/2020,Joypurhat,28,7,24.0
30/04/2020,Joypurhat,32,4,28.0
01/05/2020,Joypurhat,33,1,29.0
02/05/2020,Joypurhat,33,0,29.0
03/05/2020,Joypurhat,33,0,27.0
04/05/2020,Joypurhat,33,0,23.0
05/05/2020,Joypurhat,34,1,13.0
06/05/2020,Joypurhat,34,0,6.0
07/05/2020,Joypurhat,37,3,5.0
08/05/2020,Joypurhat,39,2,6.0
09/05/2020,Joypurhat,39,0,6.0
10/05/2020,Joypurhat,42,3,9.0
29/04/2020,Khagrachhari,0,0,0.0
30/04/2020,Khagrachhari,1,1,1.0
01/05/2020,Khagrachhari,2,1,2.0
02/05/2020,Khagrachhari,2,0,2.0
03/05/2020,Khagrachhari,2,0,2.0
04/05/2020,Khagrachhari,2,0,2.0
05/05/2020,Khagrachhari,2,0,2.0
06/05/2020,Khagrachhari,2,0,2.0
07/05/2020,Khagrachhari,2,0,1.0
08/05/2020,Khagrachhari,2,0,0.0
09/05/2020,Khagrachhari,3,1,1.0
10/05/2020,Khagrachhari,3,0,1.0
14/04/2020,Khulna,1,1,1.0
15/04/2020,Khulna,1,0,1.0
16/04/2020,Khulna,1,0,1.0
17/04/2020,Khulna,1,0,1.0
18/04/2020,Khulna,1,0,1.0
19/04/2020,Khulna,1,0,1.0
20/04/2020,Khulna,3,2,3.0
21/04/2020,Khulna,3,0,2.0
22/04/2020,Khulna,4,1,3.0
23/04/2020,Khulna,6,2,5.0
24/04/2020,Khulna,7,1,6.0
25/04/2020,Khulna,7,0,6.0
26/04/2020,Khulna,7,0,6.0
27/04/2020,Khulna,8,1,5.0
28/04/2020,Khulna,8,0,5.0
29/04/2020,Khulna,11,3,7.0
30/04/2020,Khulna,11,0,5.0
01/05/2020,Khulna,13,2,6.0
02/05/2020,Khulna,13,0,6.0
03/05/2020,Khulna,16,3,9.0
04/05/2020,Khulna,16,0,8.0
05/05/2020,Khulna,17,1,9.0
06/05/2020,Khulna,17,0,6.0
07/05/2020,Khulna,20,3,9.0
08/05/2020,Khulna,20,0,7.0
09/05/2020,Khulna,20,0,7.0
10/05/2020,Khulna,20,0,4.0
08/04/2020,Kishoreganj,1,1,1.0
10/04/2020,Kishoreganj,8,7,8.0
11/04/2020,Kishoreganj,10,2,10.0
13/04/2020,Kishoreganj,10,0,10.0
14/04/2020,Kishoreganj,17,7,17.0
15/04/2020,Kishoreganj,17,0,16.0
16/04/2020,Kishoreganj,22,5,21.0
17/04/2020,Kishoreganj,33,11,25.0
18/04/2020,Kishoreganj,54,21,44.0
19/04/2020,Kishoreganj,77,23,67.0
20/04/2020,Kishoreganj,146,69,136.0
21/04/2020,Kishoreganj,146,0,129.0
22/04/2020,Kishoreganj,146,0,129.0
23/04/2020,Kishoreganj,179,33,157.0
24/04/2020,Kishoreganj,180,1,147.0
25/04/2020,Kishoreganj,181,1,127.0
26/04/2020,Kishoreganj,183,2,106.0
27/04/2020,Kishoreganj,191,8,45.0
28/04/2020,Kishoreganj,194,3,48.0
29/04/2020,Kishoreganj,197,3,51.0
30/04/2020,Kishoreganj,200,3,21.0
01/05/2020,Kishoreganj,201,1,21.0
02/05/2020,Kishoreganj,201,0,20.0
03/05/2020,Kishoreganj,201,0,18.0
04/05/2020,Kishoreganj,202,1,11.0
05/05/2020,Kishoreganj,202,0,8.0
06/05/2020,Kishoreganj,202,0,5.0
07/05/2020,Kishoreganj,202,0,2.0
08/05/2020,Kishoreganj,202,0,1.0
09/05/2020,Kishoreganj,202,0,1.0
10/05/2020,Kishoreganj,202,0,1.0
14/04/2020,Kurigram,1,1,1.0
15/04/2020,Kurigram,2,1,2.0
16/04/2020,Kurigram,2,0,2.0
17/04/2020,Kurigram,2,0,2.0
18/04/2020,Kurigram,2,0,2.0
19/04/2020,Kurigram,2,0,2.0
20/04/2020,Kurigram,2,0,2.0
21/04/2020,Kurigram,3,1,2.0
22/04/2020,Kurigram,3,0,1.0
23/04/2020,Kurigram,4,1,2.0
24/04/2020,Kurigram,5,1,3.0
25/04/2020,Kurigram,3,2,5.0
26/04/2020,Kurigram,3,0,5.0
27/04/2020,Kurigram,6,3,8.0
28/04/2020,Kurigram,6,0,7.0
29/04/2020,Kurigram,7,1,8.0
30/04/2020,Kurigram,7,0,7.0
01/05/2020,Kurigram,8,1,7.0
02/05/2020,Kurigram,15,7,12.0
03/05/2020,Kurigram,19,4,16.0
04/05/2020,Kurigram,22,3,16.0
05/05/2020,Kurigram,22,0,16.0
06/05/2020,Kurigram,22,0,15.0
07/05/2020,Kurigram,22,0,15.0
08/05/2020,Kurigram,33,11,25.0
09/05/2020,Kurigram,34,1,19.0
10/05/2020,Kurigram,35,1,16.0
22/04/2020,Kushtia,2,2,2.0
23/04/2020,Kushtia,4,2,4.0
24/04/2020,Kushtia,4,0,4.0
25/04/2020,Kushtia,4,0,4.0
26/04/2020,Kushtia,4,0,4.0
27/04/2020,Kushtia,10,6,10.0
28/04/2020,Kushtia,10,0,10.0
29/04/2020,Kushtia,13,3,11.0
30/04/2020,Kushtia,15,2,11.0
01/05/2020,Kushtia,16,1,12.0
02/05/2020,Kushtia,16,0,12.0
03/05/2020,Kushtia,16,0,12.0
04/05/2020,Kushtia,16,0,6.0
05/05/2020,Kushtia,16,0,6.0
06/05/2020,Kushtia,18,2,5.0
07/05/2020,Kushtia,20,2,5.0
08/05/2020,Kushtia,20,0,4.0
09/05/2020,Kushtia,20,0,4.0
10/05/2020,Kushtia,21,1,5.0
12/04/2020,Lakshmipur,1,1,1.0
13/04/2020,Lakshmipur,1,0,1.0
14/04/2020,Lakshmipur,1,0,1.0
15/04/2020,Lakshmipur,1,0,1.0
16/04/2020,Lakshmipur,1,0,1.0
17/04/2020,Lakshmipur,18,17,18.0
18/04/2020,Lakshmipur,18,0,18.0
19/04/2020,Lakshmipur,21,3,20.0
20/04/2020,Lakshmipur,25,4,24.0
21/04/2020,Lakshmipur,25,0,24.0
22/04/2020,Lakshmipur,25,0,24.0
23/04/2020,Lakshmipur,26,1,25.0
24/04/2020,Lakshmipur,27,1,9.0
25/04/2020,Lakshmipur,28,1,10.0
26/04/2020,Lakshmipur,28,0,7.0
27/04/2020,Lakshmipur,31,3,6.0
28/04/2020,Lakshmipur,34,3,9.0
29/04/2020,Lakshmipur,35,1,10.0
30/04/2020,Lakshmipur,35,0,9.0
01/05/2020,Lakshmipur,41,6,14.0
02/05/2020,Lakshmipur,41,0,13.0
03/05/2020,Lakshmipur,42,1,14.0
04/05/2020,Lakshmipur,43,1,12.0
05/05/2020,Lakshmipur,45,2,11.0
06/05/2020,Lakshmipur,45,0,10.0
07/05/2020,Lakshmipur,48,3,13.0
08/05/2020,Lakshmipur,50,2,9.0
09/05/2020,Lakshmipur,58,8,17.0
10/05/2020,Lakshmipur,58,0,16.0
12/04/2020,Lalmonirhat,1,1,1.0
13/04/2020,Lalmonirhat,1,0,1.0
14/04/2020,Lalmonirhat,1,0,1.0
15/04/2020,Lalmonirhat,2,1,2.0
16/04/2020,Lalmonirhat,2,0,2.0
17/04/2020,Lalmonirhat,2,0,2.0
18/04/2020,Lalmonirhat,2,0,2.0
19/04/2020,Lalmonirhat,2,0,1.0
20/04/2020,Lalmonirhat,2,0,1.0
21/04/2020,Lalmonirhat,2,0,1.0
22/04/2020,Lalmonirhat,2,0,0.0
23/04/2020,Lalmonirhat,2,0,0.0
24/04/2020,Lalmonirhat,2,0,0.0
25/04/2020,Lalmonirhat,2,0,0.0
26/04/2020,Lalmonirhat,2,0,0.0
27/04/2020,Lalmonirhat,2,0,0.0
28/04/2020,Lalmonirhat,2,0,0.0
29/04/2020,Lalmonirhat,3,1,1.0
30/04/2020,Lalmonirhat,3,0,1.0
01/05/2020,Lalmonirhat,3,0,1.0
02/05/2020,Lalmonirhat,3,0,1.0
03/05/2020,Lalmonirhat,3,0,1.0
04/05/2020,Lalmonirhat,3,0,1.0
05/05/2020,Lalmonirhat,4,1,2.0
06/05/2020,Lalmonirhat,4,0,1.0
07/05/2020,Lalmonirhat,4,0,1.0
08/05/2020,Lalmonirhat,13,9,10.0
09/05/2020,Lalmonirhat,13,0,10.0
10/05/2020,Lalmonirhat,13,0,10.0
08/03/2020,Madaripur,1,1,1.0
15/03/2020,Madaripur,2,1,1.0
16/03/2020,Madaripur,5,3,4.0
18/03/2020,Madaripur,7,2,6.0
19/03/2020,Madaripur,10,3,9.0
05/04/2020,Madaripur,11,1,1.0
10/04/2020,Madaripur,12,1,2.0
11/04/2020,Madaripur,13,1,3.0
12/04/2020,Madaripur,19,6,8.0
13/04/2020,Madaripur,19,0,8.0
14/04/2020,Madaripur,19,0,8.0
15/04/2020,Madaripur,19,0,8.0
16/04/2020,Madaripur,23,4,12.0
17/04/2020,Madaripur,23,0,11.0
18/04/2020,Madaripur,25,2,12.0
19/04/2020,Madaripur,25,0,6.0
20/04/2020,Madaripur,25,0,6.0
21/04/2020,Madaripur,26,1,7.0
22/04/2020,Madaripur,27,1,8.0
23/04/2020,Madaripur,28,1,5.0
24/04/2020,Madaripur,28,0,5.0
25/04/2020,Madaripur,29,1,4.0
26/04/2020,Madaripur,30,1,5.0
27/04/2020,Madaripur,36,6,11.0
28/04/2020,Madaripur,38,2,12.0
29/04/2020,Madaripur,38,0,11.0
30/04/2020,Madaripur,39,1,11.0
01/05/2020,Madaripur,39,0,11.0
02/05/2020,Madaripur,46,7,17.0
03/05/2020,Madaripur,46,0,16.0
04/05/2020,Madaripur,47,1,11.0
05/05/2020,Madaripur,48,1,10.0
06/05/2020,Madaripur,53,5,15.0
07/05/2020,Madaripur,53,0,14.0
08/05/2020,Madaripur,54,1,15.0
09/05/2020,Madaripur,54,0,8.0
10/05/2020,Madaripur,54,0,8.0
22/04/2020,Magura,1,1,1.0
23/04/2020,Magura,2,1,2.0
24/04/2020,Magura,2,0,2.0
25/04/2020,Magura,2,0,2.0
26/04/2020,Magura,4,2,4.0
27/04/2020,Magura,4,0,4.0
28/04/2020,Magura,4,0,4.0
29/04/2020,Magura,6,2,5.0
30/04/2020,Magura,7,1,5.0
01/05/2020,Magura,8,1,6.0
02/05/2020,Magura,8,0,6.0
03/05/2020,Magura,8,0,4.0
04/05/2020,Magura,8,0,4.0
05/05/2020,Magura,7,1,5.0
06/05/2020,Magura,8,1,4.0
07/05/2020,Magura,8,0,3.0
08/05/2020,Magura,11,3,5.0
09/05/2020,Magura,12,1,6.0
10/05/2020,Magura,12,0,6.0
07/04/2020,Manikganj,3,3,3.0
11/04/2020,Manikganj,5,2,5.0
13/04/2020,Manikganj,5,0,5.0
14/04/2020,Manikganj,5,0,2.0
15/04/2020,Manikganj,5,0,2.0
16/04/2020,Manikganj,5,0,2.0
17/04/2020,Manikganj,5,0,2.0
18/04/2020,Manikganj,6,1,1.0
19/04/2020,Manikganj,6,0,1.0
20/04/2020,Manikganj,7,1,2.0
21/04/2020,Manikganj,9,2,4.0
22/04/2020,Manikganj,9,0,4.0
23/04/2020,Manikganj,9,0,4.0
24/04/2020,Manikganj,12,3,7.0
25/04/2020,Manikganj,12,0,6.0
26/04/2020,Manikganj,12,0,6.0
27/04/2020,Manikganj,15,3,8.0
28/04/2020,Manikganj,15,0,6.0
29/04/2020,Manikganj,21,6,12.0
30/04/2020,Manikganj,21,0,12.0
01/05/2020,Manikganj,22,1,10.0
02/05/2020,Manikganj,22,0,10.0
03/05/2020,Manikganj,22,0,10.0
04/05/2020,Manikganj,22,0,7.0
05/05/2020,Manikganj,24,2,9.0
06/05/2020,Manikganj,28,4,7.0
07/05/2020,Manikganj,28,0,7.0
08/05/2020,Manikganj,28,0,6.0
09/05/2020,Manikganj,28,0,6.0
10/05/2020,Manikganj,28,0,6.0
06/04/2020,Maulvibazar,1,1,1.0
13/04/2020,Maulvibazar,1,0,0.0
14/04/2020,Maulvibazar,2,1,1.0
15/04/2020,Maulvibazar,2,0,1.0
16/04/2020,Maulvibazar,2,0,1.0
17/04/2020,Maulvibazar,2,0,1.0
18/04/2020,Maulvibazar,2,0,1.0
19/04/2020,Maulvibazar,2,0,1.0
20/04/2020,Maulvibazar,2,0,1.0
21/04/2020,Maulvibazar,2,0,0.0
22/04/2020,Maulvibazar,2,0,0.0
23/04/2020,Maulvibazar,4,2,2.0
24/04/2020,Maulvibazar,4,0,2.0
25/04/2020,Maulvibazar,4,0,2.0
26/04/2020,Maulvibazar,6,2,4.0
27/04/2020,Maulvibazar,12,6,10.0
28/04/2020,Maulvibazar,12,0,10.0
29/04/2020,Maulvibazar,12,0,10.0
30/04/2020,Maulvibazar,12,0,8.0
01/05/2020,Maulvibazar,12,0,8.0
02/05/2020,Maulvibazar,17,5,13.0
03/05/2020,Maulvibazar,17,0,11.0
04/05/2020,Maulvibazar,19,2,7.0
05/05/2020,Maulvibazar,21,2,9.0
06/05/2020,Maulvibazar,29,8,17.0
07/05/2020,Maulvibazar,29,0,17.0
08/05/2020,Maulvibazar,30,1,18.0
09/05/2020,Maulvibazar,30,0,13.0
10/05/2020,Maulvibazar,33,3,16.0
22/04/2020,Meherpur,1,1,1.0
23/04/2020,Meherpur,2,1,2.0
24/04/2020,Meherpur,2,0,2.0
25/04/2020,Meherpur,2,0,2.0
26/04/2020,Meherpur,2,0,2.0
27/04/2020,Meherpur,2,0,2.0
28/04/2020,Meherpur,2,0,2.0
29/04/2020,Meherpur,2,0,1.0
30/04/2020,Meherpur,2,0,0.0
01/05/2020,Meherpur,2,0,0.0
02/05/2020,Meherpur,2,0,0.0
03/05/2020,Meherpur,2,0,0.0
04/05/2020,Meherpur,2,0,0.0
05/05/2020,Meherpur,3,1,1.0
06/05/2020,Meherpur,4,1,2.0
07/05/2020,Meherpur,4,0,2.0
08/05/2020,Meherpur,5,1,3.0
09/05/2020,Meherpur,5,0,3.0
10/05/2020,Meherpur,5,0,3.0
10/04/2020,Munshiganj,8,8,8.0
11/04/2020,Munshiganj,10,2,10.0
12/04/2020,Munshiganj,13,3,13.0
13/04/2020,Munshiganj,17,4,17.0
14/04/2020,Munshiganj,21,4,21.0
15/04/2020,Munshiganj,21,0,21.0
16/04/2020,Munshiganj,26,5,26.0
17/04/2020,Munshiganj,27,1,19.0
18/04/2020,Munshiganj,33,6,23.0
19/04/2020,Munshiganj,33,0,20.0
20/04/2020,Munshiganj,33,0,16.0
21/04/2020,Munshiganj,54,21,33.0
22/04/2020,Munshiganj,61,7,40.0
23/04/2020,Munshiganj,63,2,37.0
24/04/2020,Munshiganj,63,0,36.0
25/04/2020,Munshiganj,62,1,31.0
26/04/2020,Munshiganj,72,10,41.0
27/04/2020,Munshiganj,78,6,47.0
28/04/2020,Munshiganj,82,4,30.0
29/04/2020,Munshiganj,109,27,50.0
30/04/2020,Munshiganj,110,1,49.0
01/05/2020,Munshiganj,112,2,51.0
02/05/2020,Munshiganj,122,10,60.0
03/05/2020,Munshiganj,126,4,54.0
04/05/2020,Munshiganj,127,1,49.0
05/05/2020,Munshiganj,161,34,79.0
06/05/2020,Munshiganj,170,9,61.0
07/05/2020,Munshiganj,178,8,68.0
08/05/2020,Munshiganj,210,32,98.0
09/05/2020,Munshiganj,212,2,90.0
10/05/2020,Munshiganj,216,4,90.0
09/04/2020,Mymensingh,3,3,3.0
10/04/2020,Mymensingh,5,2,5.0
13/04/2020,Mymensingh,5,0,5.0
14/04/2020,Mymensingh,7,2,7.0
15/04/2020,Mymensingh,7,0,7.0
16/04/2020,Mymensingh,9,2,6.0
17/04/2020,Mymensingh,9,0,4.0
18/04/2020,Mymensingh,19,10,14.0
19/04/2020,Mymensingh,21,2,16.0
20/04/2020,Mymensingh,33,12,28.0
21/04/2020,Mymensingh,40,7,33.0
22/04/2020,Mymensingh,63,23,56.0
23/04/2020,Mymensingh,68,5,59.0
24/04/2020,Mymensingh,68,0,59.0
25/04/2020,Mymensingh,87,19,68.0
26/04/2020,Mymensingh,92,5,71.0
27/04/2020,Mymensingh,108,16,75.0
28/04/2020,Mymensingh,117,9,77.0
29/04/2020,Mymensingh,125,8,62.0
30/04/2020,Mymensingh,143,18,75.0
01/05/2020,Mymensingh,145,2,77.0
02/05/2020,Mymensingh,145,0,58.0
03/05/2020,Mymensingh,150,5,58.0
04/05/2020,Mymensingh,166,16,58.0
05/05/2020,Mymensingh,169,3,52.0
06/05/2020,Mymensingh,198,29,73.0
07/05/2020,Mymensingh,201,3,58.0
08/05/2020,Mymensingh,204,3,59.0
09/05/2020,Mymensingh,212,8,67.0
10/05/2020,Mymensingh,221,9,71.0
20/04/2020,Naogaon,1,1,1.0
21/04/2020,Naogaon,1,0,1.0
22/04/2020,Naogaon,1,0,1.0
23/04/2020,Naogaon,1,0,1.0
24/04/2020,Naogaon,2,1,2.0
25/04/2020,Naogaon,2,0,2.0
26/04/2020,Naogaon,2,0,2.0
27/04/2020,Naogaon,1,1,2.0
28/04/2020,Naogaon,1,0,2.0
29/04/2020,Naogaon,15,14,16.0
30/04/2020,Naogaon,15,0,16.0
01/05/2020,Naogaon,15,0,15.0
02/05/2020,Naogaon,16,1,16.0
03/05/2020,Naogaon,16,0,16.0
04/05/2020,Naogaon,16,0,15.0
05/05/2020,Naogaon,17,1,16.0
06/05/2020,Naogaon,17,0,2.0
07/05/2020,Naogaon,17,0,2.0
08/05/2020,Naogaon,24,7,9.0
09/05/2020,Naogaon,24,0,8.0
10/05/2020,Naogaon,25,1,9.0
14/04/2020,Narail,1,1,1.0
15/04/2020,Narail,1,0,1.0
16/04/2020,Narail,1,0,1.0
17/04/2020,Narail,2,1,2.0
18/04/2020,Narail,2,0,2.0
19/04/2020,Narail,2,0,2.0
20/04/2020,Narail,2,0,2.0
21/04/2020,Narail,2,0,1.0
22/04/2020,Narail,7,5,6.0
23/04/2020,Narail,7,0,6.0
24/04/2020,Narail,7,0,5.0
25/04/2020,Narail,7,0,5.0
26/04/2020,Narail,10,3,8.0
27/04/2020,Narail,13,3,11.0
28/04/2020,Narail,13,0,11.0
29/04/2020,Narail,13,0,6.0
30/04/2020,Narail,13,0,6.0
01/05/2020,Narail,13,0,6.0
02/05/2020,Narail,13,0,6.0
03/05/2020,Narail,13,0,3.0
04/05/2020,Narail,13,0,0.0
05/05/2020,Narail,13,0,0.0
06/05/2020,Narail,13,0,0.0
07/05/2020,Narail,13,0,0.0
08/05/2020,Narail,13,0,0.0
09/05/2020,Narail,13,0,0.0
10/05/2020,Narail,13,0,0.0
08/03/2020,Narayanganj,2,2,2.0
23/03/2020,Narayanganj,3,1,1.0
01/04/2020,Narayanganj,4,1,1.0
03/04/2020,Narayanganj,5,1,2.0
05/04/2020,Narayanganj,10,5,7.0
06/04/2020,Narayanganj,23,13,20.0
07/04/2020,Narayanganj,38,15,35.0
08/04/2020,Narayanganj,46,8,42.0
09/04/2020,Narayanganj,61,15,57.0
10/04/2020,Narayanganj,77,16,72.0
11/04/2020,Narayanganj,84,7,79.0
12/04/2020,Narayanganj,109,25,99.0
13/04/2020,Narayanganj,144,35,121.0
14/04/2020,Narayanganj,164,20,126.0
15/04/2020,Narayanganj,214,50,168.0
16/04/2020,Narayanganj,255,41,194.0
17/04/2020,Narayanganj,289,34,212.0
18/04/2020,Narayanganj,309,20,225.0
19/04/2020,Narayanganj,386,77,277.0
20/04/2020,Narayanganj,387,1,243.0
21/04/2020,Narayanganj,469,82,305.0
22/04/2020,Narayanganj,508,39,294.0
23/04/2020,Narayanganj,532,24,277.0
24/04/2020,Narayanganj,566,34,277.0
25/04/2020,Narayanganj,594,28,285.0
26/04/2020,Narayanganj,625,31,239.0
27/04/2020,Narayanganj,699,74,312.0
28/04/2020,Narayanganj,849,150,380.0
29/04/2020,Narayanganj,863,14,355.0
30/04/2020,Narayanganj,923,60,391.0
01/05/2020,Narayanganj,966,43,400.0
02/05/2020,Narayanganj,987,21,393.0
03/05/2020,Narayanganj,1007,20,382.0
04/05/2020,Narayanganj,1021,14,322.0
05/05/2020,Narayanganj,1055,34,206.0
06/05/2020,Narayanganj,1072,17,209.0
07/05/2020,Narayanganj,1078,6,155.0
08/05/2020,Narayanganj,1136,58,170.0
09/05/2020,Narayanganj,1177,41,190.0
10/05/2020,Narayanganj,1198,21,191.0
17/03/2020,Narsingdi,1,1,1.0
06/04/2020,Narsingdi,2,1,1.0
08/04/2020,Narsingdi,4,2,3.0
13/04/2020,Narsingdi,20,16,18.0
14/04/2020,Narsingdi,28,8,26.0
15/04/2020,Narsingdi,28,0,24.0
16/04/2020,Narsingdi,43,15,39.0
17/04/2020,Narsingdi,65,22,61.0
18/04/2020,Narsingdi,93,28,89.0
19/04/2020,Narsingdi,105,12,101.0
20/04/2020,Narsingdi,135,30,115.0
21/04/2020,Narsingdi,136,1,108.0
22/04/2020,Narsingdi,136,0,108.0
23/04/2020,Narsingdi,141,5,98.0
24/04/2020,Narsingdi,141,0,76.0
25/04/2020,Narsingdi,141,0,48.0
26/04/2020,Narsingdi,142,1,37.0
27/04/2020,Narsingdi,142,0,7.0
28/04/2020,Narsingdi,142,0,6.0
29/04/2020,Narsingdi,142,0,6.0
30/04/2020,Narsingdi,145,3,4.0
01/05/2020,Narsingdi,151,6,10.0
02/05/2020,Narsingdi,152,1,11.0
03/05/2020,Narsingdi,152,0,10.0
04/05/2020,Narsingdi,154,2,12.0
05/05/2020,Narsingdi,166,12,24.0
06/05/2020,Narsingdi,167,1,25.0
07/05/2020,Narsingdi,167,0,22.0
08/05/2020,Narsingdi,171,4,20.0
09/05/2020,Narsingdi,171,0,19.0
10/05/2020,Narsingdi,171,0,19.0
23/04/2020,Natore,1,1,1.0
24/04/2020,Natore,1,0,1.0
25/04/2020,Natore,1,0,1.0
26/04/2020,Natore,1,0,1.0
27/04/2020,Natore,0,1,2.0
28/04/2020,Natore,0,0,2.0
29/04/2020,Natore,8,8,10.0
30/04/2020,Natore,9,1,10.0
01/05/2020,Natore,9,0,10.0
02/05/2020,Natore,9,0,10.0
03/05/2020,Natore,9,0,10.0
04/05/2020,Natore,9,0,9.0
05/05/2020,Natore,10,1,10.0
06/05/2020,Natore,11,1,3.0
07/05/2020,Natore,11,0,2.0
08/05/2020,Natore,12,1,3.0
09/05/2020,Natore,12,0,3.0
10/05/2020,Natore,13,1,4.0
10/04/2020,Netrakona,1,1,1.0
11/04/2020,Netrakona,1,0,1.0
13/04/2020,Netrakona,1,0,1.0
14/04/2020,Netrakona,2,1,2.0
15/04/2020,Netrakona,4,2,4.0
16/04/2020,Netrakona,6,2,6.0
17/04/2020,Netrakona,6,0,5.0
18/04/2020,Netrakona,12,6,11.0
19/04/2020,Netrakona,14,2,13.0
20/04/2020,Netrakona,14,0,13.0
21/04/2020,Netrakona,18,4,16.0
22/04/2020,Netrakona,22,4,18.0
23/04/2020,Netrakona,22,0,16.0
24/04/2020,Netrakona,22,0,16.0
25/04/2020,Netrakona,25,3,13.0
26/04/2020,Netrakona,25,0,11.0
27/04/2020,Netrakona,25,0,11.0
28/04/2020,Netrakona,27,2,9.0
29/04/2020,Netrakona,29,2,7.0
30/04/2020,Netrakona,29,0,7.0
01/05/2020,Netrakona,32,3,10.0
02/05/2020,Netrakona,32,0,7.0
03/05/2020,Netrakona,41,9,16.0
04/05/2020,Netrakona,51,10,26.0
05/05/2020,Netrakona,52,1,25.0
06/05/2020,Netrakona,62,10,33.0
07/05/2020,Netrakona,63,1,34.0
08/05/2020,Netrakona,64,1,32.0
09/05/2020,Netrakona,68,4,36.0
10/05/2020,Netrakona,68,0,27.0
08/04/2020,Nilphamari,1,1,1.0
10/04/2020,Nilphamari,2,1,2.0
12/04/2020,Nilphamari,3,1,3.0
13/04/2020,Nilphamari,3,0,3.0
14/04/2020,Nilphamari,4,1,4.0
15/04/2020,Nilphamari,6,2,5.0
16/04/2020,Nilphamari,6,0,5.0
17/04/2020,Nilphamari,6,0,4.0
18/04/2020,Nilphamari,9,3,7.0
19/04/2020,Nilphamari,9,0,6.0
20/04/2020,Nilphamari,9,0,6.0
21/04/2020,Nilphamari,9,0,5.0
22/04/2020,Nilphamari,9,0,3.0
23/04/2020,Nilphamari,10,1,4.0
24/04/2020,Nilphamari,10,0,4.0
25/04/2020,Nilphamari,10,0,1.0
26/04/2020,Nilphamari,10,0,1.0
27/04/2020,Nilphamari,10,0,1.0
28/04/2020,Nilphamari,11,1,2.0
29/04/2020,Nilphamari,13,2,4.0
30/04/2020,Nilphamari,13,0,3.0
01/05/2020,Nilphamari,15,2,5.0
02/05/2020,Nilphamari,16,1,6.0
03/05/2020,Nilphamari,16,0,6.0
04/05/2020,Nilphamari,23,7,13.0
05/05/2020,Nilphamari,25,2,14.0
06/05/2020,Nilphamari,31,6,18.0
07/05/2020,Nilphamari,31,0,18.0
08/05/2020,Nilphamari,35,4,20.0
09/05/2020,Nilphamari,41,6,25.0
10/05/2020,Nilphamari,41,0,25.0
11/04/2020,Noakhali,1,1,1.0
15/04/2020,Noakhali,1,0,1.0
16/04/2020,Noakhali,2,1,2.0
17/04/2020,Noakhali,2,0,2.0
18/04/2020,Noakhali,3,1,2.0
19/04/2020,Noakhali,3,0,2.0
20/04/2020,Noakhali,4,1,3.0
21/04/2020,Noakhali,4,0,3.0
22/04/2020,Noakhali,4,0,3.0
23/04/2020,Noakhali,4,0,2.0
24/04/2020,Noakhali,4,0,2.0
25/04/2020,Noakhali,5,1,2.0
26/04/2020,Noakhali,5,0,2.0
27/04/2020,Noakhali,5,0,1.0
28/04/2020,Noakhali,6,1,2.0
29/04/2020,Noakhali,6,0,2.0
30/04/2020,Noakhali,6,0,2.0
01/05/2020,Noakhali,9,3,5.0
02/05/2020,Noakhali,9,0,4.0
03/05/2020,Noakhali,15,6,10.0
04/05/2020,Noakhali,17,2,12.0
05/05/2020,Noakhali,21,4,15.0
06/05/2020,Noakhali,22,1,16.0
07/05/2020,Noakhali,23,1,17.0
08/05/2020,Noakhali,27,4,18.0
09/05/2020,Noakhali,27,0,18.0
10/05/2020,Noakhali,30,3,15.0
18/04/2020,Pabna,1,1,1.0
19/04/2020,Pabna,2,1,2.0
20/04/2020,Pabna,2,0,2.0
21/04/2020,Pabna,3,1,3.0
22/04/2020,Pabna,3,0,3.0
23/04/2020,Pabna,3,0,3.0
24/04/2020,Pabna,3,0,3.0
25/04/2020,Pabna,3,0,2.0
26/04/2020,Pabna,3,0,1.0
27/04/2020,Pabna,2,1,2.0
28/04/2020,Pabna,8,6,7.0
29/04/2020,Pabna,8,0,7.0
30/04/2020,Pabna,10,2,9.0
01/05/2020,Pabna,10,0,9.0
02/05/2020,Pabna,10,0,9.0
03/05/2020,Pabna,10,0,9.0
04/05/2020,Pabna,11,1,9.0
05/05/2020,Pabna,15,4,7.0
06/05/2020,Pabna,16,1,8.0
07/05/2020,Pabna,16,0,6.0
08/05/2020,Pabna,16,0,6.0
09/05/2020,Pabna,16,0,6.0
10/05/2020,Pabna,18,2,8.0
18/04/2020,Panchagarh,1,1,1.0
19/04/2020,Panchagarh,1,0,1.0
20/04/2020,Panchagarh,1,0,1.0
21/04/2020,Panchagarh,1,0,1.0
22/04/2020,Panchagarh,2,1,2.0
23/04/2020,Panchagarh,2,0,2.0
24/04/2020,Panchagarh,3,1,3.0
25/04/2020,Panchagarh,3,0,2.0
26/04/2020,Panchagarh,4,1,3.0
27/04/2020,Panchagarh,4,0,3.0
28/04/2020,Panchagarh,7,3,6.0
29/04/2020,Panchagarh,8,1,6.0
30/04/2020,Panchagarh,8,0,6.0
01/05/2020,Panchagarh,8,0,5.0
02/05/2020,Panchagarh,8,0,5.0
03/05/2020,Panchagarh,8,0,4.0
04/05/2020,Panchagarh,8,0,4.0
05/05/2020,Panchagarh,8,0,1.0
06/05/2020,Panchagarh,8,0,0.0
07/05/2020,Panchagarh,9,1,1.0
08/05/2020,Panchagarh,10,1,2.0
09/05/2020,Panchagarh,10,0,2.0
10/05/2020,Panchagarh,10,0,2.0
10/04/2020,Patuakhali,1,1,1.0
13/04/2020,Patuakhali,2,1,2.0
14/04/2020,Patuakhali,2,0,2.0
15/04/2020,Patuakhali,2,0,2.0
16/04/2020,Patuakhali,2,0,2.0
17/04/2020,Patuakhali,2,0,1.0
18/04/2020,Patuakhali,2,0,1.0
19/04/2020,Patuakhali,2,0,1.0
20/04/2020,Patuakhali,2,0,0.0
21/04/2020,Patuakhali,7,5,5.0
22/04/2020,Patuakhali,10,3,8.0
23/04/2020,Patuakhali,10,0,8.0
24/04/2020,Patuakhali,16,6,14.0
25/04/2020,Patuakhali,19,3,17.0
26/04/2020,Patuakhali,20,1,18.0
27/04/2020,Patuakhali,20,0,18.0
28/04/2020,Patuakhali,23,3,16.0
29/04/2020,Patuakhali,23,0,13.0
30/04/2020,Patuakhali,27,4,17.0
01/05/2020,Patuakhali,28,1,12.0
02/05/2020,Patuakhali,28,0,9.0
03/05/2020,Patuakhali,28,0,8.0
04/05/2020,Patuakhali,28,0,8.0
05/05/2020,Patuakhali,28,0,5.0
06/05/2020,Patuakhali,28,0,5.0
07/05/2020,Patuakhali,28,0,1.0
08/05/2020,Patuakhali,28,0,0.0
09/05/2020,Patuakhali,28,0,0.0
10/05/2020,Patuakhali,28,0,0.0
14/04/2020,Pirojpur,1,1,1.0
15/04/2020,Pirojpur,4,3,4.0
16/04/2020,Pirojpur,4,0,4.0
17/04/2020,Pirojpur,4,0,4.0
18/04/2020,Pirojpur,4,0,4.0
19/04/2020,Pirojpur,4,0,4.0
20/04/2020,Pirojpur,5,1,5.0
21/04/2020,Pirojpur,5,0,4.0
22/04/2020,Pirojpur,5,0,1.0
23/04/2020,Pirojpur,5,0,1.0
24/04/2020,Pirojpur,5,0,1.0
25/04/2020,Pirojpur,7,2,3.0
26/04/2020,Pirojpur,7,0,3.0
27/04/2020,Pirojpur,7,0,2.0
28/04/2020,Pirojpur,8,1,3.0
29/04/2020,Pirojpur,8,0,3.0
30/04/2020,Pirojpur,9,1,4.0
01/05/2020,Pirojpur,9,0,4.0
02/05/2020,Pirojpur,9,0,2.0
03/05/2020,Pirojpur,10,1,3.0
04/05/2020,Pirojpur,10,0,3.0
05/05/2020,Pirojpur,0,10,12.0
06/05/2020,Pirojpur,0,0,12.0
07/05/2020,Pirojpur,0,0,11.0
08/05/2020,Pirojpur,0,0,11.0
09/05/2020,Pirojpur,6,6,17.0
10/05/2020,Pirojpur,7,1,17.0
08/04/2020,Rajbari,1,1,1.0
10/04/2020,Rajbari,3,2,3.0
11/04/2020,Rajbari,6,3,6.0
13/04/2020,Rajbari,6,0,6.0
14/04/2020,Rajbari,6,0,6.0
15/04/2020,Rajbari,6,0,5.0
16/04/2020,Rajbari,7,1,6.0
17/04/2020,Rajbari,7,0,4.0
18/04/2020,Rajbari,7,0,1.0
19/04/2020,Rajbari,7,0,1.0
20/04/2020,Rajbari,8,1,2.0
21/04/2020,Rajbari,10,2,4.0
22/04/2020,Rajbari,9,1,5.0
23/04/2020,Rajbari,11,2,6.0
24/04/2020,Rajbari,11,0,6.0
25/04/2020,Rajbari,12,1,7.0
26/04/2020,Rajbari,14,2,9.0
27/04/2020,Rajbari,14,0,8.0
28/04/2020,Rajbari,14,0,6.0
29/04/2020,Rajbari,14,0,5.0
30/04/2020,Rajbari,17,3,6.0
01/05/2020,Rajbari,19,2,8.0
02/05/2020,Rajbari,19,0,7.0
03/05/2020,Rajbari,19,0,5.0
04/05/2020,Rajbari,19,0,5.0
05/05/2020,Rajbari,22,3,8.0
06/05/2020,Rajbari,23,1,9.0
07/05/2020,Rajbari,23,0,6.0
08/05/2020,Rajbari,23,0,4.0
09/05/2020,Rajbari,23,0,4.0
10/05/2020,Rajbari,23,0,4.0
13/04/2020,Rajshahi,2,2,2.0
14/04/2020,Rajshahi,3,1,3.0
15/04/2020,Rajshahi,4,1,4.0
16/04/2020,Rajshahi,4,0,4.0
17/04/2020,Rajshahi,4,0,4.0
18/04/2020,Rajshahi,4,0,4.0
19/04/2020,Rajshahi,4,0,4.0
20/04/2020,Rajshahi,5,1,3.0
21/04/2020,Rajshahi,9,4,6.0
22/04/2020,Rajshahi,9,0,5.0
23/04/2020,Rajshahi,9,0,5.0
24/04/2020,Rajshahi,9,0,5.0
25/04/2020,Rajshahi,10,1,6.0
26/04/2020,Rajshahi,10,0,6.0
27/04/2020,Rajshahi,10,0,5.0
28/04/2020,Rajshahi,10,0,1.0
29/04/2020,Rajshahi,19,9,10.0
30/04/2020,Rajshahi,19,0,10.0
01/05/2020,Rajshahi,20,1,11.0
02/05/2020,Rajshahi,20,0,10.0
03/05/2020,Rajshahi,21,1,11.0
04/05/2020,Rajshahi,21,0,11.0
05/05/2020,Rajshahi,25,4,15.0
06/05/2020,Rajshahi,26,1,7.0
07/05/2020,Rajshahi,26,0,7.0
08/05/2020,Rajshahi,26,0,6.0
09/05/2020,Rajshahi,26,0,6.0
10/05/2020,Rajshahi,26,0,5.0
29/04/2020,Rangamati,0,0,0.0
30/04/2020,Rangamati,0,0,0.0
01/05/2020,Rangamati,0,0,0.0
02/05/2020,Rangamati,0,0,0.0
03/05/2020,Rangamati,0,0,0.0
04/05/2020,Rangamati,0,0,0.0
05/05/2020,Rangamati,0,0,0.0
06/05/2020,Rangamati,0,0,0.0
07/05/2020,Rangamati,4,4,4.0
08/05/2020,Rangamati,4,0,4.0
09/05/2020,Rangamati,4,0,4.0
10/05/2020,Rangamati,4,0,4.0
03/04/2020,Rangpur,1,1,1.0
09/04/2020,Rangpur,2,1,2.0
13/04/2020,Rangpur,2,0,1.0
14/04/2020,Rangpur,2,0,1.0
15/04/2020,Rangpur,2,0,1.0
16/04/2020,Rangpur,3,1,1.0
17/04/2020,Rangpur,1,2,3.0
18/04/2020,Rangpur,1,0,3.0
19/04/2020,Rangpur,5,4,7.0
20/04/2020,Rangpur,6,1,8.0
21/04/2020,Rangpur,7,1,9.0
22/04/2020,Rangpur,7,0,9.0
23/04/2020,Rangpur,10,3,11.0
24/04/2020,Rangpur,15,5,14.0
25/04/2020,Rangpur,18,3,17.0
26/04/2020,Rangpur,20,2,15.0
27/04/2020,Rangpur,21,1,15.0
28/04/2020,Rangpur,28,7,21.0
29/04/2020,Rangpur,28,0,21.0
30/04/2020,Rangpur,31,3,21.0
01/05/2020,Rangpur,38,7,23.0
02/05/2020,Rangpur,45,7,27.0
03/05/2020,Rangpur,50,5,30.0
04/05/2020,Rangpur,62,12,41.0
05/05/2020,Rangpur,75,13,47.0
06/05/2020,Rangpur,82,7,54.0
07/05/2020,Rangpur,89,7,58.0
08/05/2020,Rangpur,89,0,51.0
09/05/2020,Rangpur,120,31,75.0
10/05/2020,Rangpur,128,8,78.0
29/04/2020,Satkhira,1,1,1.0
30/04/2020,Satkhira,1,0,1.0
01/05/2020,Satkhira,2,1,2.0
02/05/2020,Satkhira,2,0,2.0
03/05/2020,Satkhira,2,0,2.0
04/05/2020,Satkhira,2,0,2.0
05/05/2020,Satkhira,3,1,3.0
06/05/2020,Satkhira,4,1,3.0
07/05/2020,Satkhira,4,0,3.0
08/05/2020,Satkhira,4,0,2.0
09/05/2020,Satkhira,4,0,2.0
10/05/2020,Satkhira,4,0,2.0
04/04/2020,Shariatpur,1,1,1.0
13/04/2020,Shariatpur,1,0,0.0
14/04/2020,Shariatpur,5,4,4.0
15/04/2020,Shariatpur,5,0,4.0
16/04/2020,Shariatpur,6,1,5.0
17/04/2020,Shariatpur,6,0,5.0
18/04/2020,Shariatpur,7,1,6.0
19/04/2020,Shariatpur,7,0,6.0
20/04/2020,Shariatpur,8,1,7.0
21/04/2020,Shariatpur,8,0,3.0
22/04/2020,Shariatpur,11,3,6.0
23/04/2020,Shariatpur,11,0,5.0
24/04/2020,Shariatpur,11,0,5.0
25/04/2020,Shariatpur,11,0,4.0
26/04/2020,Shariatpur,22,11,15.0
27/04/2020,Shariatpur,22,0,14.0
28/04/2020,Shariatpur,24,2,16.0
29/04/2020,Shariatpur,24,0,13.0
30/04/2020,Shariatpur,30,6,19.0
01/05/2020,Shariatpur,30,0,19.0
02/05/2020,Shariatpur,39,9,28.0
03/05/2020,Shariatpur,35,4,21.0
04/05/2020,Shariatpur,40,5,26.0
05/05/2020,Shariatpur,44,4,28.0
06/05/2020,Shariatpur,54,10,38.0
07/05/2020,Shariatpur,55,1,33.0
08/05/2020,Shariatpur,57,2,35.0
09/05/2020,Shariatpur,57,0,26.0
10/05/2020,Shariatpur,57,0,22.0
09/04/2020,Sherpur,2,2,2.0
13/04/2020,Sherpur,2,0,2.0
14/04/2020,Sherpur,3,1,3.0
15/04/2020,Sherpur,3,0,3.0
16/04/2020,Sherpur,3,0,1.0
17/04/2020,Sherpur,3,0,1.0
18/04/2020,Sherpur,11,8,9.0
19/04/2020,Sherpur,11,0,9.0
20/04/2020,Sherpur,13,2,11.0
21/04/2020,Sherpur,19,6,16.0
22/04/2020,Sherpur,19,0,16.0
23/04/2020,Sherpur,19,0,16.0
24/04/2020,Sherpur,19,0,16.0
25/04/2020,Sherpur,19,0,8.0
26/04/2020,Sherpur,19,0,8.0
27/04/2020,Sherpur,23,4,10.0
28/04/2020,Sherpur,23,0,4.0
29/04/2020,Sherpur,25,2,6.0
30/04/2020,Sherpur,25,0,6.0
01/05/2020,Sherpur,26,1,7.0
02/05/2020,Sherpur,26,0,7.0
03/05/2020,Sherpur,26,0,7.0
04/05/2020,Sherpur,26,0,3.0
05/05/2020,Sherpur,26,0,3.0
06/05/2020,Sherpur,27,1,2.0
07/05/2020,Sherpur,28,1,3.0
08/05/2020,Sherpur,30,2,4.0
09/05/2020,Sherpur,30,0,4.0
10/05/2020,Sherpur,36,6,10.0
20/04/2020,Sirajganj,1,1,1.0
21/04/2020,Sirajganj,2,1,2.0
22/04/2020,Sirajganj,2,0,2.0
23/04/2020,Sirajganj,2,0,2.0
24/04/2020,Sirajganj,2,0,2.0
25/04/2020,Sirajganj,2,0,2.0
26/04/2020,Sirajganj,2,0,2.0
27/04/2020,Sirajganj,2,0,1.0
28/04/2020,Sirajganj,3,1,1.0
29/04/2020,Sirajganj,3,0,1.0
30/04/2020,Sirajganj,3,0,1.0
01/05/2020,Sirajganj,3,0,1.0
02/05/2020,Sirajganj,3,0,1.0
03/05/2020,Sirajganj,3,0,1.0
04/05/2020,Sirajganj,4,1,2.0
05/05/2020,Sirajganj,4,0,1.0
06/05/2020,Sirajganj,4,0,1.0
07/05/2020,Sirajganj,4,0,1.0
08/05/2020,Sirajganj,6,2,3.0
09/05/2020,Sirajganj,6,0,3.0
10/05/2020,Sirajganj,6,0,3.0
13/04/2020,Sunamganj,1,1,1.0
14/04/2020,Sunamganj,1,0,1.0
15/04/2020,Sunamganj,1,0,1.0
16/04/2020,Sunamganj,1,0,1.0
17/04/2020,Sunamganj,1,0,1.0
18/04/2020,Sunamganj,1,0,1.0
19/04/2020,Sunamganj,1,0,1.0
20/04/2020,Sunamganj,1,0,0.0
21/04/2020,Sunamganj,1,0,0.0
22/04/2020,Sunamganj,1,0,0.0
23/04/2020,Sunamganj,5,4,4.0
24/04/2020,Sunamganj,13,8,12.0
25/04/2020,Sunamganj,13,0,12.0
26/04/2020,Sunamganj,14,1,13.0
27/04/2020,Sunamganj,15,1,14.0
28/04/2020,Sunamganj,26,11,25.0
29/04/2020,Sunamganj,28,2,27.0
30/04/2020,Sunamganj,28,0,23.0
01/05/2020,Sunamganj,29,1,16.0
02/05/2020,Sunamganj,33,4,20.0
03/05/2020,Sunamganj,33,0,19.0
04/05/2020,Sunamganj,33,0,18.0
05/05/2020,Sunamganj,35,2,9.0
06/05/2020,Sunamganj,35,0,7.0
07/05/2020,Sunamganj,35,0,7.0
08/05/2020,Sunamganj,35,0,6.0
09/05/2020,Sunamganj,37,2,4.0
10/05/2020,Sunamganj,38,1,5.0
06/04/2020,Sylhet,1,1,1.0
13/04/2020,Sylhet,1,0,0.0
14/04/2020,Sylhet,1,0,0.0
15/04/2020,Sylhet,1,0,0.0
16/04/2020,Sylhet,3,2,2.0
17/04/2020,Sylhet,3,0,2.0
18/04/2020,Sylhet,3,0,2.0
19/04/2020,Sylhet,3,0,2.0
20/04/2020,Sylhet,4,1,3.0
21/04/2020,Sylhet,4,0,3.0
22/04/2020,Sylhet,4,0,3.0
23/04/2020,Sylhet,6,2,3.0
24/04/2020,Sylhet,11,5,8.0
25/04/2020,Sylhet,11,0,8.0
26/04/2020,Sylhet,12,1,9.0
27/04/2020,Sylhet,14,2,10.0
28/04/2020,Sylhet,16,2,12.0
29/04/2020,Sylhet,16,0,12.0
30/04/2020,Sylhet,18,2,12.0
01/05/2020,Sylhet,18,0,7.0
02/05/2020,Sylhet,18,0,7.0
03/05/2020,Sylhet,18,0,6.0
04/05/2020,Sylhet,18,0,4.0
05/05/2020,Sylhet,24,6,8.0
06/05/2020,Sylhet,27,3,11.0
07/05/2020,Sylhet,27,0,9.0
08/05/2020,Sylhet,28,1,10.0
09/05/2020,Sylhet,28,0,10.0
10/05/2020,Sylhet,36,8,18.0
08/04/2020,Tangail,2,2,2.0
13/04/2020,Tangail,7,5,7.0
14/04/2020,Tangail,7,0,7.0
15/04/2020,Tangail,9,2,7.0
16/04/2020,Tangail,9,0,7.0
17/04/2020,Tangail,9,0,7.0
18/04/2020,Tangail,9,0,7.0
19/04/2020,Tangail,10,1,8.0
20/04/2020,Tangail,10,0,3.0
21/04/2020,Tangail,13,3,6.0
22/04/2020,Tangail,15,2,6.0
23/04/2020,Tangail,16,1,7.0
24/04/2020,Tangail,21,5,12.0
25/04/2020,Tangail,22,1,13.0
26/04/2020,Tangail,23,1,13.0
27/04/2020,Tangail,24,1,14.0
28/04/2020,Tangail,27,3,14.0
29/04/2020,Tangail,28,1,13.0
30/04/2020,Tangail,29,1,13.0
01/05/2020,Tangail,29,0,8.0
02/05/2020,Tangail,29,0,7.0
03/05/2020,Tangail,29,0,6.0
04/05/2020,Tangail,30,1,6.0
05/05/2020,Tangail,30,0,3.0
06/05/2020,Tangail,30,0,2.0
07/05/2020,Tangail,30,0,1.0
08/05/2020,Tangail,31,1,2.0
09/05/2020,Tangail,31,0,2.0
10/05/2020,Tangail,31,0,2.0
12/04/2020,Thakurgaon,3,3,3.0
13/04/2020,Thakurgaon,3,0,3.0
14/04/2020,Thakurgaon,3,0,3.0
15/04/2020,Thakurgaon,3,0,3.0
16/04/2020,Thakurgaon,3,0,3.0
17/04/2020,Thakurgaon,3,0,3.0
18/04/2020,Thakurgaon,5,2,5.0
19/04/2020,Thakurgaon,6,1,3.0
20/04/2020,Thakurgaon,6,0,3.0
21/04/2020,Thakurgaon,6,0,3.0
22/04/2020,Thakurgaon,8,2,5.0
23/04/2020,Thakurgaon,8,0,5.0
24/04/2020,Thakurgaon,8,0,5.0
25/04/2020,Thakurgaon,7,1,4.0
26/04/2020,Thakurgaon,7,0,3.0
27/04/2020,Thakurgaon,8,1,4.0
28/04/2020,Thakurgaon,15,7,11.0
29/04/2020,Thakurgaon,16,1,10.0
30/04/2020,Thakurgaon,16,0,10.0
01/05/2020,Thakurgaon,17,1,11.0
02/05/2020,Thakurgaon,17,0,10.0
03/05/2020,Thakurgaon,17,0,10.0
04/05/2020,Thakurgaon,19,2,11.0
05/05/2020,Thakurgaon,19,0,4.0
06/05/2020,Thakurgaon,20,1,4.0
07/05/2020,Thakurgaon,20,0,4.0
08/05/2020,Thakurgaon,23,3,6.0
09/05/2020,Thakurgaon,23,0,6.0
10/05/2020,Thakurgaon,23,0,6.0
